{
  "mae": 34357.04015367987,
  "mape": 0.3636586706315674,
  "rmse": 200566.92747466304,
  "r2": 0.07673825574480797
}